<?xml version="1.0" encoding="UTF-8"?>
<project-private xmlns="http://www.netbeans.org/ns/project-private/1">
    <editor-bookmarks xmlns="http://www.netbeans.org/ns/editor-bookmarks/2" lastBookmarkId="0"/>
    <open-files xmlns="http://www.netbeans.org/ns/projectui-open-files/1">
        <file>file:/C:/Documents%20and%20Settings/Administrador/Mis%20documentos/NetBeansProjects/CalixtoDelHoyoJuanJuego/src/Aplicacion.java</file>
        <file>file:/C:/Documents%20and%20Settings/Administrador/Mis%20documentos/NetBeansProjects/CalixtoDelHoyoJuanJuego/src/CalculadoraEstadisticasTexto.java</file>
        <file>file:/C:/Documents%20and%20Settings/Administrador/Mis%20documentos/NetBeansProjects/CalixtoDelHoyoJuanJuego/src/ControladorEstadisticasTexto.java</file>
        <file>file:/C:/Documents%20and%20Settings/Administrador/Mis%20documentos/NetBeansProjects/CalixtoDelHoyoJuanJuego/src/EstadisticasTexto.java</file>
        <file>file:/C:/Documents%20and%20Settings/Administrador/Mis%20documentos/NetBeansProjects/CalixtoDelHoyoJuanJuego/src/VistaEstadisticasTexto.java</file>
    </open-files>
</project-private>
